M_SIZE;M_TIME;M_SIZE;M_OPERATIONS;
1000;20;1000;201100
1500;20;1500;20900
2000;20;2000;20500
2500;20;2500;20400
3000;20;3000;20400
3500;20;3500;20500
4000;20;4000;20500
4500;20;4500;20500
5000;20;5000;20500
5500;20;5500;20400
6000;20;6000;20500
6500;20;6500;20500
7000;20;7000;20500
7500;20;7500;20400
8000;20;8000;20400
8500;20;8500;20500
9000;20;9000;20500
9500;20;9500;20500
10000;20;10000;20400
10500;20;10500;20500
11000;20;11000;20600
11500;20;11500;20400
12000;20;12000;20400
12500;20;12500;20500
13000;20;13000;20500
13500;20;13500;20500
14000;20;14000;20500
14500;20;14500;20400
15000;20;15000;20500
15500;20;15500;20600
16000;20;16000;20600
16500;20;16500;20600
17000;20;17000;20500
17500;20;17500;20500
18000;20;18000;20500
18500;20;18500;20900
19000;20;19000;20600
19500;20;19500;20500
20000;20;20000;20500
20500;20;20500;20500
21000;20;21000;20700
21500;20;21500;20500
22000;20;22000;20500
22500;20;22500;20800
23000;20;23000;20500
23500;20;23500;20600
24000;20;24000;20600
24500;20;24500;20600
25000;20;25000;20400
25500;20;25500;20500
26000;20;26000;20500
26500;20;26500;20500
27000;20;27000;20500
27500;20;27500;20500
28000;20;28000;20500
28500;20;28500;20800
29000;20;29000;20500
29500;20;29500;20500
30000;20;30000;20500
30500;20;30500;20400
31000;20;31000;20600
31500;20;31500;20500
32000;20;32000;20500
32500;20;32500;20500
33000;20;33000;20500
33500;20;33500;20500
34000;20;34000;20500
34500;20;34500;20500
35000;20;35000;20500
35500;20;35500;20600
36000;20;36000;20500
36500;20;36500;20500
37000;20;37000;201200
37500;20;37500;20600
38000;20;38000;20600
38500;20;38500;20600
39000;20;39000;20600
39500;20;39500;20500
40000;20;40000;20500
40500;20;40500;20500
41000;20;41000;201000
41500;20;41500;20500
42000;20;42000;20400
42500;20;42500;20500
43000;20;43000;20500
43500;20;43500;20500
44000;20;44000;20600
44500;20;44500;20400
45000;20;45000;20400
45500;20;45500;20400
46000;20;46000;20500
46500;20;46500;20500
47000;20;47000;20600
47500;20;47500;20500
48000;20;48000;20600
48500;20;48500;20700
49000;20;49000;20500
49500;20;49500;20500
50000;20;50000;20500
50500;20;50500;20500
51000;20;51000;20400
51500;20;51500;20400
52000;20;52000;204600
52500;20;52500;20600
53000;20;53000;20500
53500;20;53500;20500
54000;20;54000;20600
54500;20;54500;20600
55000;20;55000;20500
55500;20;55500;20500
56000;20;56000;20500
56500;20;56500;20500
57000;20;57000;20400
57500;20;57500;20500
58000;20;58000;20400
58500;20;58500;20400
59000;20;59000;20400
59500;20;59500;20400
60000;20;60000;20400
60500;20;60500;20500
61000;20;61000;20500
61500;20;61500;20500
62000;20;62000;20500
62500;20;62500;20400
63000;20;63000;20400
63500;20;63500;20500
64000;20;64000;20500
64500;20;64500;20500
65000;20;65000;20500
65500;20;65500;20500
66000;20;66000;20600
66500;20;66500;20400
67000;20;67000;20500
67500;20;67500;20400
68000;20;68000;20500
68500;20;68500;20500
69000;20;69000;20600
69500;20;69500;20400
70000;20;70000;20500
70500;20;70500;20500
71000;20;71000;20500
71500;20;71500;20500
72000;20;72000;20400
72500;20;72500;20500
73000;20;73000;20600
73500;20;73500;20400
74000;20;74000;20500
74500;20;74500;20500
75000;20;75000;20500
75500;20;75500;20500
76000;20;76000;20400
76500;20;76500;20500
77000;20;77000;20500
77500;20;77500;20500
78000;20;78000;20500
78500;20;78500;20400
79000;20;79000;201300
79500;20;79500;20700
80000;20;80000;20600
80500;20;80500;20500
81000;20;81000;20500
81500;20;81500;20500
82000;20;82000;20400
82500;20;82500;20500
83000;20;83000;20400
83500;20;83500;20500
84000;20;84000;20500
84500;20;84500;20500
85000;20;85000;20500
85500;20;85500;20500
86000;20;86000;20600
86500;20;86500;20500
87000;20;87000;20600
87500;20;87500;20500
88000;20;88000;20500
88500;20;88500;20400
89000;20;89000;20400
89500;20;89500;20800
90000;20;90000;20600
90500;20;90500;20500
91000;20;91000;20800
91500;20;91500;20500
92000;20;92000;20600
92500;20;92500;20500
93000;20;93000;20600
93500;20;93500;20500
94000;20;94000;20600
94500;20;94500;20500
95000;20;95000;20400
95500;20;95500;20500
96000;20;96000;20500
96500;20;96500;20500
97000;20;97000;20500
97500;20;97500;20400
98000;20;98000;20400
98500;20;98500;20600
99000;20;99000;20400
99500;20;99500;20400
100000;20;100000;20500
100500;20;100500;20500
101000;20;101000;20500
101500;20;101500;20400
102000;20;102000;20500
102500;20;102500;20500
103000;20;103000;20600
103500;20;103500;20400
104000;20;104000;20500
104500;20;104500;20400
105000;20;105000;20600
105500;20;105500;20400
106000;20;106000;20400
106500;20;106500;20600
107000;20;107000;20500
107500;20;107500;20500
108000;20;108000;20500
108500;20;108500;20500
109000;20;109000;20500
109500;20;109500;20500
110000;20;110000;20500
110500;20;110500;20500
111000;20;111000;20500
111500;20;111500;20500
112000;20;112000;20500
112500;20;112500;20500
113000;20;113000;20500
113500;20;113500;20400
114000;20;114000;20400
114500;20;114500;20500
115000;20;115000;20500
115500;20;115500;20500
116000;20;116000;20500
116500;20;116500;20500
117000;20;117000;20400
117500;20;117500;20500
118000;20;118000;201100
118500;20;118500;20600
119000;20;119000;20600
119500;20;119500;20500
120000;20;120000;20400
120500;20;120500;20400
121000;20;121000;20400
121500;20;121500;20500
122000;20;122000;20900
122500;20;122500;20500
123000;20;123000;20400
123500;20;123500;20500
124000;20;124000;20400
124500;20;124500;20500
125000;20;125000;20500
125500;20;125500;20500
126000;20;126000;20500
126500;20;126500;20500
127000;20;127000;201200
127500;20;127500;20900
128000;20;128000;20600
128500;20;128500;20500
129000;20;129000;20500
129500;20;129500;20500
130000;20;130000;20400
130500;20;130500;20600
131000;20;131000;20600
131500;20;131500;20500
132000;20;132000;20400
132500;20;132500;20600
133000;20;133000;20600
133500;20;133500;20400
134000;20;134000;20400
134500;20;134500;20600
135000;20;135000;20900
135500;20;135500;20500
136000;20;136000;20500
136500;20;136500;20500
137000;20;137000;20700
137500;20;137500;20500
138000;20;138000;20400
138500;20;138500;20500
139000;20;139000;20700
139500;20;139500;20500
140000;20;140000;20400
140500;20;140500;20500
141000;20;141000;20600
141500;20;141500;20800
142000;20;142000;20900
142500;20;142500;20800
143000;20;143000;20800
143500;20;143500;20600
144000;20;144000;20500
144500;20;144500;20500
145000;20;145000;20800
145500;20;145500;20500
146000;20;146000;20500
146500;20;146500;201000
147000;20;147000;20900
147500;20;147500;20400
148000;20;148000;201000
148500;20;148500;20800
149000;20;149000;201100
149500;20;149500;20700
150000;20;150000;20400
150500;20;150500;20800
151000;20;151000;20700
151500;20;151500;201000
152000;20;152000;201000
152500;20;152500;20500
153000;20;153000;201000
153500;20;153500;20900
154000;20;154000;20600
154500;20;154500;20600
155000;20;155000;20500
155500;20;155500;20900
156000;20;156000;20500
156500;20;156500;20400
157000;20;157000;20500
157500;20;157500;20700
158000;20;158000;20500
158500;20;158500;20500
159000;20;159000;20900
159500;20;159500;20900
160000;20;160000;20600
160500;20;160500;20500
161000;20;161000;20500
161500;20;161500;201000
162000;20;162000;20500
162500;20;162500;20500
163000;20;163000;20500
163500;20;163500;20700
164000;20;164000;20500
164500;20;164500;20400
165000;20;165000;20600
165500;20;165500;20900
166000;20;166000;20500
166500;20;166500;20400
167000;20;167000;20500
167500;20;167500;201100
168000;20;168000;20600
168500;20;168500;20500
169000;20;169000;20500
169500;20;169500;201000
170000;20;170000;20500
170500;20;170500;20500
171000;20;171000;20500
171500;20;171500;201000
172000;20;172000;20600
172500;20;172500;20500
173000;20;173000;20500
173500;20;173500;201100
174000;20;174000;20600
174500;20;174500;20500
175000;20;175000;20500
175500;20;175500;20500
176000;20;176000;20700
176500;20;176500;20500
177000;20;177000;20400
177500;20;177500;20500
178000;20;178000;20500
178500;20;178500;20500
179000;20;179000;20400
179500;20;179500;20500
180000;20;180000;201100
180500;20;180500;20900
181000;20;181000;201000
181500;20;181500;20900
182000;20;182000;201000
182500;20;182500;20600
183000;20;183000;20400
183500;20;183500;20500
184000;20;184000;201000
184500;20;184500;20900
185000;20;185000;20800
185500;20;185500;20800
186000;20;186000;201000
186500;20;186500;20600
187000;20;187000;20400
187500;20;187500;20500
188000;20;188000;20800
188500;20;188500;20400
189000;20;189000;20400
189500;20;189500;20500
190000;20;190000;20900
190500;20;190500;20900
191000;20;191000;20500
191500;20;191500;20500
192000;20;192000;201000
192500;20;192500;201100
193000;20;193000;20500
193500;20;193500;20600
194000;20;194000;20900
194500;20;194500;20500
195000;20;195000;20400
195500;20;195500;20400
196000;20;196000;20500
196500;20;196500;20700
197000;20;197000;20500
197500;20;197500;20400
198000;20;198000;20500
198500;20;198500;201000
199000;20;199000;20600
199500;20;199500;20500
200000;20;200000;20500
200500;20;200500;20700
201000;20;201000;20400
201500;20;201500;20500
202000;20;202000;20500
202500;20;202500;20600
203000;20;203000;20500
203500;20;203500;20500
204000;20;204000;20400
204500;20;204500;201000
205000;20;205000;20600
205500;20;205500;20400
206000;20;206000;20600
206500;20;206500;201000
207000;20;207000;20500
207500;20;207500;20500
208000;20;208000;20400
208500;20;208500;20600
209000;20;209000;20500
209500;20;209500;20500
210000;20;210000;20500
210500;20;210500;20700
211000;20;211000;20500
211500;20;211500;20400
212000;20;212000;20900
212500;20;212500;201100
213000;20;213000;20700
213500;20;213500;20400
214000;20;214000;20500
214500;20;214500;201000
215000;20;215000;20500
215500;20;215500;20500
216000;20;216000;20500
216500;20;216500;20500
217000;20;217000;201300
217500;20;217500;20800
218000;20;218000;20500
218500;20;218500;20500
219000;20;219000;201000
219500;20;219500;20500
220000;20;220000;20400
220500;20;220500;20500
221000;20;221000;20600
221500;20;221500;20400
222000;20;222000;20500
222500;20;222500;20500
223000;20;223000;20800
223500;20;223500;20400
224000;20;224000;20400
224500;20;224500;20500
225000;20;225000;20800
225500;20;225500;20400
226000;20;226000;20900
226500;20;226500;20700
227000;20;227000;20900
227500;20;227500;20500
228000;20;228000;20400
228500;20;228500;20400
229000;20;229000;20600
229500;20;229500;20900
230000;20;230000;20600
230500;20;230500;20500
231000;20;231000;20700
231500;20;231500;20500
232000;20;232000;20400
232500;20;232500;20700
233000;20;233000;201100
233500;20;233500;20900
234000;20;234000;20600
234500;20;234500;20500
235000;20;235000;20700
235500;20;235500;20500
236000;20;236000;20500
236500;20;236500;20600
237000;20;237000;20900
237500;20;237500;20700
238000;20;238000;20600
238500;20;238500;20400
239000;20;239000;20500
239500;20;239500;20600
240000;20;240000;20500
240500;20;240500;20500
241000;20;241000;20900
241500;20;241500;20800
242000;20;242000;20500
242500;20;242500;20500
243000;20;243000;20500
243500;20;243500;201000
244000;20;244000;20600
244500;20;244500;20600
245000;20;245000;20500
245500;20;245500;20700
246000;20;246000;20800
246500;20;246500;20400
247000;20;247000;20500
247500;20;247500;20900
248000;20;248000;20600
248500;20;248500;20500
249000;20;249000;20500
249500;20;249500;20900
250000;20;250000;20500
250500;20;250500;20500
251000;20;251000;20600
251500;20;251500;20900
252000;20;252000;20600
252500;20;252500;20500
253000;20;253000;20500
253500;20;253500;20600
254000;20;254000;20400
254500;20;254500;20500
255000;20;255000;20600
255500;20;255500;201000
256000;20;256000;20500
256500;20;256500;20400
257000;20;257000;20500
257500;20;257500;201000
258000;20;258000;20700
258500;20;258500;20600
259000;20;259000;20600
259500;20;259500;20500
260000;20;260000;20900
260500;20;260500;20500
261000;20;261000;20500
261500;20;261500;20800
262000;20;262000;20900
262500;20;262500;20600
263000;20;263000;201000
263500;20;263500;20800
264000;20;264000;20900
264500;20;264500;201000
265000;20;265000;20800
265500;20;265500;20600
266000;20;266000;20600
266500;20;266500;20600
267000;20;267000;20600
267500;20;267500;20600
268000;20;268000;20700
268500;20;268500;20500
269000;20;269000;20900
269500;20;269500;20800
270000;20;270000;20800
270500;20;270500;201100
271000;20;271000;20800
271500;20;271500;20700
272000;20;272000;20800
272500;20;272500;20600
273000;20;273000;20700
273500;20;273500;20500
274000;20;274000;20600
274500;20;274500;20700
275000;20;275000;20700
275500;20;275500;20700
276000;20;276000;20800
276500;20;276500;20600
277000;20;277000;201100
277500;20;277500;20700
278000;20;278000;20600
278500;20;278500;20500
279000;20;279000;20500
279500;20;279500;20600
280000;20;280000;20600
280500;20;280500;20600
281000;20;281000;20600
281500;20;281500;20600
282000;20;282000;20600
282500;20;282500;20600
283000;20;283000;20600
283500;20;283500;20600
284000;20;284000;201000
284500;20;284500;20800
285000;20;285000;20700
285500;20;285500;20800
286000;20;286000;20700
286500;20;286500;20700
287000;20;287000;20700
287500;20;287500;20700
288000;20;288000;20700
288500;20;288500;20700
289000;20;289000;20700
289500;20;289500;20700
290000;20;290000;20700
290500;20;290500;20800
291000;20;291000;20900
291500;20;291500;20900
292000;20;292000;20800
292500;20;292500;20600
293000;20;293000;20700
293500;20;293500;20700
294000;20;294000;20700
294500;20;294500;20700
295000;20;295000;20700
295500;20;295500;20700
296000;20;296000;20600
296500;20;296500;20700
297000;20;297000;20700
297500;20;297500;201000
298000;20;298000;20900
298500;20;298500;20700
299000;20;299000;20700
299500;20;299500;20700
300000;20;300000;20700
300500;20;300500;20700
301000;20;301000;20600
301500;20;301500;20600
302000;20;302000;20700
302500;20;302500;20700
303000;20;303000;20800
303500;20;303500;20700
304000;20;304000;20900
304500;20;304500;20800
305000;20;305000;20800
305500;20;305500;20700
306000;20;306000;20700
306500;20;306500;20700
307000;20;307000;20700
307500;20;307500;20700
308000;20;308000;20600
308500;20;308500;20700
309000;20;309000;20700
309500;20;309500;20700
310000;20;310000;20700
310500;20;310500;201000
311000;20;311000;20900
311500;20;311500;20700
312000;20;312000;20700
312500;20;312500;20600
313000;20;313000;20700
313500;20;313500;20700
314000;20;314000;20700
314500;20;314500;20900
315000;20;315000;20700
315500;20;315500;20700
316000;20;316000;20900
316500;20;316500;20800
317000;20;317000;20700
317500;20;317500;20700
318000;20;318000;20700
318500;20;318500;20700
319000;20;319000;20600
319500;20;319500;20600
320000;20;320000;20600
320500;20;320500;20600
321000;20;321000;20800
321500;20;321500;20700
322000;20;322000;20900
322500;20;322500;20700
323000;20;323000;20600
323500;20;323500;20600
324000;20;324000;20500
324500;20;324500;20600
325000;20;325000;20600
325500;20;325500;20800
326000;20;326000;20700
326500;20;326500;20600
327000;20;327000;20500
327500;20;327500;20900
328000;20;328000;20800
328500;20;328500;20900
329000;20;329000;201000
329500;20;329500;20700
330000;20;330000;20700
330500;20;330500;20700
331000;20;331000;20800
331500;20;331500;20900
332000;20;332000;20600
332500;20;332500;20700
333000;20;333000;20900
333500;20;333500;20800
334000;20;334000;20700
334500;20;334500;20700
335000;20;335000;20600
335500;20;335500;20600
336000;20;336000;201000
336500;20;336500;20800
337000;20;337000;20700
337500;20;337500;20800
338000;20;338000;20900
338500;20;338500;201000
339000;20;339000;20700
339500;20;339500;20700
340000;20;340000;20700
340500;20;340500;20800
341000;20;341000;20800
341500;20;341500;20700
342000;20;342000;20600
342500;20;342500;20700
343000;20;343000;20700
343500;20;343500;20900
344000;20;344000;20900
344500;20;344500;20700
345000;20;345000;20700
345500;20;345500;20700
346000;20;346000;20800
346500;20;346500;20800
347000;20;347000;20700
347500;20;347500;20700
348000;20;348000;20700
348500;20;348500;20900
349000;20;349000;20900
349500;20;349500;20600
350000;20;350000;20700
350500;20;350500;20500
351000;20;351000;20800
351500;20;351500;20700
352000;20;352000;20500
352500;20;352500;20600
353000;20;353000;20600
353500;20;353500;20600
354000;20;354000;20900
354500;20;354500;20600
355000;20;355000;20600
355500;20;355500;20600
356000;20;356000;20700
356500;20;356500;20900
357000;20;357000;20800
357500;20;357500;20700
358000;20;358000;20600
358500;20;358500;20600
359000;20;359000;20600
359500;20;359500;20800
360000;20;360000;20700
360500;20;360500;20800
361000;20;361000;20700
361500;20;361500;20600
362000;20;362000;20800
362500;20;362500;20700
363000;20;363000;20800
363500;20;363500;20700
364000;20;364000;20700
364500;20;364500;20700
365000;20;365000;20900
365500;20;365500;20600
366000;20;366000;20800
366500;20;366500;20800
367000;20;367000;20800
367500;20;367500;20600
368000;20;368000;20600
368500;20;368500;20600
369000;20;369000;20600
369500;20;369500;20700
370000;20;370000;20600
370500;20;370500;20800
371000;20;371000;20600
371500;20;371500;20800
372000;20;372000;20700
372500;20;372500;20700
373000;20;373000;20700
373500;20;373500;20600
374000;20;374000;20600
374500;20;374500;20700
375000;20;375000;20600
375500;20;375500;20900
376000;20;376000;20800
376500;20;376500;20800
377000;20;377000;20600
377500;20;377500;20600
378000;20;378000;20800
378500;20;378500;20700
379000;20;379000;20800
379500;20;379500;20700
380000;20;380000;20800
380500;20;380500;20800
381000;20;381000;20700
381500;20;381500;20700
382000;20;382000;20700
382500;20;382500;20700
383000;20;383000;20600
383500;20;383500;20700
384000;20;384000;20700
384500;20;384500;20800
385000;20;385000;20900
385500;20;385500;20800
386000;20;386000;20700
386500;20;386500;20600
387000;20;387000;20600
387500;20;387500;20600
388000;20;388000;20600
388500;20;388500;20600
389000;20;389000;20600
389500;20;389500;20800
390000;20;390000;201000
390500;20;390500;20700
391000;20;391000;20800
391500;20;391500;20700
392000;20;392000;20600
392500;20;392500;20600
393000;20;393000;20600
393500;20;393500;20700
394000;20;394000;20600
394500;20;394500;20800
395000;20;395000;20800
395500;20;395500;20600
396000;20;396000;20600
396500;20;396500;20700
397000;20;397000;20600
397500;20;397500;20600
398000;20;398000;20700
398500;20;398500;20600
399000;20;399000;20600
399500;20;399500;20900
400000;20;400000;20700
400500;20;400500;20700
401000;20;401000;20800
401500;20;401500;20600
402000;20;402000;20700
402500;20;402500;20700
403000;20;403000;20700
403500;20;403500;20800
404000;20;404000;20800
404500;20;404500;20900
405000;20;405000;20700
405500;20;405500;20700
406000;20;406000;20600
406500;20;406500;20600
407000;20;407000;20500
407500;20;407500;20500
408000;20;408000;20500
408500;20;408500;20600
409000;20;409000;20800
409500;20;409500;20800
410000;20;410000;20700
410500;20;410500;20700
411000;20;411000;20700
411500;20;411500;20600
412000;20;412000;20600
412500;20;412500;20600
413000;20;413000;20800
413500;20;413500;20700
414000;20;414000;20800
414500;20;414500;20700
415000;20;415000;20700
415500;20;415500;20700
416000;20;416000;20600
416500;20;416500;20600
417000;20;417000;20700
417500;20;417500;20600
418000;20;418000;20900
418500;20;418500;20600
419000;20;419000;20800
419500;20;419500;20800
420000;20;420000;20700
420500;20;420500;20600
421000;20;421000;20700
421500;20;421500;20600
422000;20;422000;20600
422500;20;422500;20700
423000;20;423000;20900
423500;20;423500;201000
424000;20;424000;201100
424500;20;424500;20700
425000;20;425000;20700
425500;20;425500;20700
426000;20;426000;20700
426500;20;426500;20700
427000;20;427000;20700
427500;20;427500;20700
428000;20;428000;20900
428500;20;428500;20800
429000;20;429000;20600
429500;20;429500;20700
430000;20;430000;20600
430500;20;430500;20700
431000;20;431000;20800
431500;20;431500;20800
432000;20;432000;20600
432500;20;432500;201100
433000;20;433000;20800
433500;20;433500;20700
434000;20;434000;20700
434500;20;434500;20700
435000;20;435000;20900
435500;20;435500;20800
436000;20;436000;20800
436500;20;436500;20700
437000;20;437000;20600
437500;20;437500;20700
438000;20;438000;20700
438500;20;438500;20600
439000;20;439000;20700
439500;20;439500;20600
440000;20;440000;20700
440500;20;440500;20600
441000;20;441000;20600
441500;20;441500;20700
442000;20;442000;20700
442500;20;442500;20800
443000;20;443000;20600
443500;20;443500;20800
444000;20;444000;20700
444500;20;444500;20600
445000;20;445000;20600
445500;20;445500;20600
446000;20;446000;20800
446500;20;446500;20600
447000;20;447000;20700
447500;20;447500;20600
448000;20;448000;20800
448500;20;448500;20800
449000;20;449000;20600
449500;20;449500;20700
450000;20;450000;20700
450500;20;450500;20800
451000;20;451000;20600
451500;20;451500;20700
452000;20;452000;20600
452500;20;452500;20800
453000;20;453000;20800
453500;20;453500;20700
454000;20;454000;20800
454500;20;454500;20800
455000;20;455000;20900
455500;20;455500;20800
456000;20;456000;20600
456500;20;456500;201000
457000;20;457000;20900
457500;20;457500;20700
458000;20;458000;20700
458500;20;458500;20700
459000;20;459000;20900
459500;20;459500;20700
460000;20;460000;20700
460500;20;460500;20800
461000;20;461000;20800
461500;20;461500;20800
462000;20;462000;20900
462500;20;462500;20800
463000;20;463000;20900
463500;20;463500;20800
464000;20;464000;20700
464500;20;464500;20900
465000;20;465000;201000
465500;20;465500;201000
466000;20;466000;20600
466500;20;466500;20500
467000;20;467000;20800
467500;20;467500;201000
468000;20;468000;201200
468500;20;468500;20800
469000;20;469000;20700
469500;20;469500;20700
470000;20;470000;20800
470500;20;470500;20700
471000;20;471000;20700
471500;20;471500;20800
472000;20;472000;20900
472500;20;472500;20900
473000;20;473000;20700
473500;20;473500;20700
474000;20;474000;20500
474500;20;474500;20700
475000;20;475000;20700
475500;20;475500;20700
476000;20;476000;20900
476500;20;476500;20900
477000;20;477000;20600
477500;20;477500;20700
478000;20;478000;20600
478500;20;478500;20600
479000;20;479000;20600
479500;20;479500;20600
480000;20;480000;20600
480500;20;480500;20800
481000;20;481000;201300
481500;20;481500;20800
482000;20;482000;20700
482500;20;482500;20800
483000;20;483000;20700
483500;20;483500;20600
484000;20;484000;20700
484500;20;484500;20900
485000;20;485000;201200
485500;20;485500;20700
486000;20;486000;20600
486500;20;486500;20700
487000;20;487000;20700
487500;20;487500;20800
488000;20;488000;20800
488500;20;488500;201100
489000;20;489000;201100
489500;20;489500;201100
490000;20;490000;20800
490500;20;490500;20900
491000;20;491000;201100
491500;20;491500;201100
492000;20;492000;20800
492500;20;492500;20600
493000;20;493000;201100
493500;20;493500;201000
494000;20;494000;20800
494500;20;494500;20400
495000;20;495000;20700
495500;20;495500;20500
496000;20;496000;20600
496500;20;496500;20500
497000;20;497000;201100
497500;20;497500;201100
498000;20;498000;201000
498500;20;498500;20800
499000;20;499000;20800
499500;20;499500;20600
500000;20;500000;20700
500500;20;500500;20500
501000;20;501000;20800
501500;20;501500;201000
502000;20;502000;20700
502500;20;502500;20700
503000;20;503000;20600
503500;20;503500;20600
504000;20;504000;20500
504500;20;504500;20700
505000;20;505000;201200
505500;20;505500;201100
506000;20;506000;20900
506500;20;506500;20800
507000;20;507000;20700
507500;20;507500;20600
508000;20;508000;20600
508500;20;508500;20900
509000;20;509000;20900
509500;20;509500;20900
510000;20;510000;201000
510500;20;510500;20800
511000;20;511000;20900
511500;20;511500;20700
512000;20;512000;20800
512500;20;512500;201000
513000;20;513000;20800
513500;20;513500;201100
514000;20;514000;20800
514500;20;514500;20600
515000;20;515000;20700
515500;20;515500;20800
516000;20;516000;20700
516500;20;516500;20800
517000;20;517000;20700
517500;20;517500;20900
518000;20;518000;20900
518500;20;518500;20700
519000;20;519000;20700
519500;20;519500;20600
520000;20;520000;20600
520500;20;520500;20500
521000;20;521000;20900
521500;20;521500;20600
522000;20;522000;20900
522500;20;522500;20800
523000;20;523000;20700
523500;20;523500;20700
524000;20;524000;20600
524500;20;524500;20700
525000;20;525000;20700
525500;20;525500;20700
526000;20;526000;20900
526500;20;526500;20700
527000;20;527000;20800
527500;20;527500;20700
528000;20;528000;20800
528500;20;528500;20900
529000;20;529000;20800
529500;20;529500;20700
530000;20;530000;20700
530500;20;530500;20900
531000;20;531000;20700
531500;20;531500;20600
532000;20;532000;20700
532500;20;532500;20500
533000;20;533000;201000
533500;20;533500;201000
534000;20;534000;20900
534500;20;534500;20900
535000;20;535000;20700
535500;20;535500;20700
536000;20;536000;20600
536500;20;536500;20600
537000;20;537000;20900
537500;20;537500;20500
538000;20;538000;20800
538500;20;538500;20900
539000;20;539000;20900
539500;20;539500;20700
540000;20;540000;20800
540500;20;540500;20800
541000;20;541000;20700
541500;20;541500;20700
542000;20;542000;20600
542500;20;542500;20800
543000;20;543000;201000
543500;20;543500;20900
544000;20;544000;20800
544500;20;544500;20800
545000;20;545000;20900
545500;20;545500;20700
546000;20;546000;20500
546500;20;546500;20500
547000;20;547000;20900
547500;20;547500;20700
548000;20;548000;20700
548500;20;548500;20800
549000;20;549000;20900
549500;20;549500;20700
550000;20;550000;20600
550500;20;550500;20700
551000;20;551000;20900
551500;20;551500;20900
552000;20;552000;20700
552500;20;552500;20800
553000;20;553000;201000
553500;20;553500;20700
554000;20;554000;20800
554500;20;554500;20900
555000;20;555000;201000
555500;20;555500;201100
556000;20;556000;20900
556500;20;556500;201000
557000;20;557000;20800
557500;20;557500;20700
558000;20;558000;20600
558500;20;558500;20600
559000;20;559000;20900
559500;20;559500;20800
560000;20;560000;201000
560500;20;560500;20700
561000;20;561000;20600
561500;20;561500;20700
562000;20;562000;20700
562500;20;562500;20700
563000;20;563000;201100
563500;20;563500;201000
564000;20;564000;20700
564500;20;564500;20900
565000;20;565000;20800
565500;20;565500;20700
566000;20;566000;20700
566500;20;566500;20900
567000;20;567000;201000
567500;20;567500;201100
568000;20;568000;201000
568500;20;568500;20800
569000;20;569000;201100
569500;20;569500;20800
570000;20;570000;20900
570500;20;570500;201200
571000;20;571000;20700
571500;20;571500;20600
572000;20;572000;201000
572500;20;572500;20700
573000;20;573000;20600
573500;20;573500;201100
574000;20;574000;201100
574500;20;574500;201100
575000;20;575000;201100
575500;20;575500;20900
576000;20;576000;20600
576500;20;576500;201100
577000;20;577000;20800
577500;20;577500;20800
578000;20;578000;20800
578500;20;578500;20800
579000;20;579000;20700
579500;20;579500;20900
580000;20;580000;201000
580500;20;580500;20800
581000;20;581000;20700
581500;20;581500;20900
582000;20;582000;20700
582500;20;582500;20700
583000;20;583000;20900
583500;20;583500;20800
584000;20;584000;20800
584500;20;584500;20600
585000;20;585000;201000
585500;20;585500;20900
586000;20;586000;201000
586500;20;586500;20800
587000;20;587000;20900
587500;20;587500;20900
588000;20;588000;20800
588500;20;588500;20900
589000;20;589000;20900
589500;20;589500;20700
590000;20;590000;20700
590500;20;590500;20400
591000;20;591000;20600
591500;20;591500;20800
592000;20;592000;20800
592500;20;592500;20800
593000;20;593000;20700
593500;20;593500;20600
594000;20;594000;20700
594500;20;594500;20700
595000;20;595000;20700
595500;20;595500;201000
596000;20;596000;20800
596500;20;596500;20600
597000;20;597000;20900
597500;20;597500;20800
598000;20;598000;20800
598500;20;598500;20900
599000;20;599000;20900
599500;20;599500;20600
600000;20;600000;20600
600500;20;600500;20700
601000;20;601000;20900
601500;20;601500;20700
602000;20;602000;20700
602500;20;602500;20700
603000;20;603000;20700
603500;20;603500;20600
604000;20;604000;20800
604500;20;604500;20700
605000;20;605000;20700
605500;20;605500;20900
606000;20;606000;20800
606500;20;606500;20800
607000;20;607000;20700
607500;20;607500;20600
608000;20;608000;20600
608500;20;608500;20700
609000;20;609000;20700
609500;20;609500;20600
610000;20;610000;20600
610500;20;610500;20700
611000;20;611000;20800
611500;20;611500;20600
612000;20;612000;20800
612500;20;612500;20700
613000;20;613000;20600
613500;20;613500;20700
614000;20;614000;20700
614500;20;614500;20600
615000;20;615000;20600
615500;20;615500;201000
616000;20;616000;20700
616500;20;616500;20800
617000;20;617000;20800
617500;20;617500;20600
618000;20;618000;20600
618500;20;618500;20800
619000;20;619000;20700
619500;20;619500;20600
620000;20;620000;20700
620500;20;620500;20800
621000;20;621000;20600
621500;20;621500;20600
622000;20;622000;20800
622500;20;622500;20700
623000;20;623000;20800
623500;20;623500;20600
624000;20;624000;20600
624500;20;624500;20600
625000;20;625000;20800
625500;20;625500;20700
626000;20;626000;20700
626500;20;626500;20600
627000;20;627000;20600
627500;20;627500;20600
628000;20;628000;20700
628500;20;628500;20900
629000;20;629000;20800
629500;20;629500;20900
630000;20;630000;20900
630500;20;630500;20600
631000;20;631000;20600
631500;20;631500;20800
632000;20;632000;20600
632500;20;632500;20600
633000;20;633000;20600
633500;20;633500;20600
634000;20;634000;20500
634500;20;634500;20800
635000;20;635000;20800
635500;20;635500;20700
636000;20;636000;20800
636500;20;636500;20700
637000;20;637000;20700
637500;20;637500;20700
638000;20;638000;20700
638500;20;638500;20800
639000;20;639000;20600
639500;20;639500;20700
640000;20;640000;20600
640500;20;640500;20700
641000;20;641000;20700
641500;20;641500;20900
642000;20;642000;20600
642500;20;642500;20600
643000;20;643000;20500
643500;20;643500;20500
644000;20;644000;20700
644500;20;644500;20700
645000;20;645000;20700
645500;20;645500;20700
646000;20;646000;20500
646500;20;646500;20600
647000;20;647000;20600
647500;20;647500;20900
648000;20;648000;20800
648500;20;648500;20800
649000;20;649000;20900
649500;20;649500;20700
650000;20;650000;20600
650500;20;650500;20800
651000;20;651000;20800
651500;20;651500;20600
652000;20;652000;20700
652500;20;652500;20700
653000;20;653000;20700
653500;20;653500;20800
654000;20;654000;20800
654500;20;654500;20700
655000;20;655000;20700
655500;20;655500;20700
656000;20;656000;20600
656500;20;656500;20700
657000;20;657000;20800
657500;20;657500;20700
658000;20;658000;20600
658500;20;658500;20600
659000;20;659000;20600
659500;20;659500;20600
660000;20;660000;20900
660500;20;660500;20600
661000;20;661000;20600
661500;20;661500;20600
662000;20;662000;20700
662500;20;662500;20700
663000;20;663000;20800
663500;20;663500;20800
664000;20;664000;20600
664500;20;664500;20700
665000;20;665000;20600
665500;20;665500;20700
666000;20;666000;20500
666500;20;666500;20800
667000;20;667000;20500
667500;20;667500;20600
668000;20;668000;20500
668500;20;668500;20500
669000;20;669000;20500
669500;20;669500;20600
670000;20;670000;20600
670500;20;670500;20700
671000;20;671000;20600
671500;20;671500;20600
672000;20;672000;20600
672500;20;672500;20800
673000;20;673000;20600
673500;20;673500;20700
674000;20;674000;20700
674500;20;674500;20800
675000;20;675000;20600
675500;20;675500;20800
676000;20;676000;20600
676500;20;676500;20800
677000;20;677000;20700
677500;20;677500;20800
678000;20;678000;20500
678500;20;678500;20600
679000;20;679000;201100
679500;20;679500;20800
680000;20;680000;20600
680500;20;680500;20900
681000;20;681000;20600
681500;20;681500;20600
682000;20;682000;20900
682500;20;682500;20800
683000;20;683000;20800
683500;20;683500;20700
684000;20;684000;20900
684500;20;684500;20600
685000;20;685000;201000
685500;20;685500;20900
686000;20;686000;20800
686500;20;686500;20800
687000;20;687000;20700
687500;20;687500;20700
688000;20;688000;20800
688500;20;688500;201000
689000;20;689000;20900
689500;20;689500;20900
690000;20;690000;20800
690500;20;690500;20700
691000;20;691000;20700
691500;20;691500;20700
692000;20;692000;20900
692500;20;692500;201000
693000;20;693000;20800
693500;20;693500;201000
694000;20;694000;20900
694500;20;694500;20600
695000;20;695000;20700
695500;20;695500;20800
696000;20;696000;20900
696500;20;696500;20900
697000;20;697000;20700
697500;20;697500;20800
698000;20;698000;20600
698500;20;698500;20300
699000;20;699000;201100
699500;20;699500;20800
700000;20;700000;201000
700500;20;700500;20600
701000;20;701000;20500
701500;20;701500;20500
702000;20;702000;20600
702500;20;702500;20800
703000;20;703000;20800
703500;20;703500;201200
704000;20;704000;20600
704500;20;704500;20700
705000;20;705000;20600
705500;20;705500;20700
706000;20;706000;20800
706500;20;706500;201000
707000;20;707000;20700
707500;20;707500;20600
708000;20;708000;20500
708500;20;708500;20800
709000;20;709000;20700
709500;20;709500;20700
710000;20;710000;201000
710500;20;710500;20900
711000;20;711000;20800
711500;20;711500;20700
712000;20;712000;20900
712500;20;712500;20700
713000;20;713000;20600
713500;20;713500;20900
714000;20;714000;20800
714500;20;714500;20800
715000;20;715000;20800
715500;20;715500;20900
716000;20;716000;20600
716500;20;716500;20500
717000;20;717000;201000
717500;20;717500;20800
718000;20;718000;20800
718500;20;718500;20800
719000;20;719000;20800
719500;20;719500;20600
720000;20;720000;20800
720500;20;720500;20900
721000;20;721000;20800
721500;20;721500;20600
722000;20;722000;20600
722500;20;722500;20500
723000;20;723000;20500
723500;20;723500;20800
724000;20;724000;20800
724500;20;724500;20700
725000;20;725000;20600
725500;20;725500;20500
726000;20;726000;20600
726500;20;726500;20600
727000;20;727000;20900
727500;20;727500;20700
728000;20;728000;20600
728500;20;728500;20600
729000;20;729000;20600
729500;20;729500;20800
730000;20;730000;20700
730500;20;730500;20800
731000;20;731000;20700
731500;20;731500;20600
732000;20;732000;20600
732500;20;732500;20700
733000;20;733000;20600
733500;20;733500;20800
734000;20;734000;20700
734500;20;734500;20500
735000;20;735000;20500
735500;20;735500;20800
736000;20;736000;20800
736500;20;736500;20800
737000;20;737000;20700
737500;20;737500;20500
738000;20;738000;201100
738500;20;738500;20900
739000;20;739000;201000
739500;20;739500;20600
740000;20;740000;20700
740500;20;740500;20600
741000;20;741000;20700
741500;20;741500;20600
742000;20;742000;20700
742500;20;742500;20700
743000;20;743000;20600
743500;20;743500;20600
744000;20;744000;20800
744500;20;744500;20700
745000;20;745000;20800
745500;20;745500;20700
746000;20;746000;20700
746500;20;746500;20700
747000;20;747000;20700
747500;20;747500;20600
748000;20;748000;20700
748500;20;748500;20800
749000;20;749000;20600
749500;20;749500;20800
750000;20;750000;20700
750500;20;750500;20500
751000;20;751000;20700
751500;20;751500;20700
752000;20;752000;20500
752500;20;752500;20700
753000;20;753000;20600
753500;20;753500;20600
754000;20;754000;20900
754500;20;754500;20900
755000;20;755000;20800
755500;20;755500;20600
756000;20;756000;20600
756500;20;756500;20600
757000;20;757000;20800
757500;20;757500;20800
758000;20;758000;20700
758500;20;758500;20800
759000;20;759000;20500
759500;20;759500;20600
760000;20;760000;20800
760500;20;760500;20500
761000;20;761000;20900
761500;20;761500;20700
762000;20;762000;20700
762500;20;762500;20500
763000;20;763000;201100
763500;20;763500;20700
764000;20;764000;20700
764500;20;764500;20600
765000;20;765000;20500
765500;20;765500;20800
766000;20;766000;20700
766500;20;766500;20800
767000;20;767000;20700
767500;20;767500;20700
768000;20;768000;20600
768500;20;768500;201100
769000;20;769000;20700
769500;20;769500;20600
770000;20;770000;20600
770500;20;770500;20500
771000;20;771000;20600
771500;20;771500;20900
772000;20;772000;20700
772500;20;772500;20600
773000;20;773000;20600
773500;20;773500;20600
774000;20;774000;20800
774500;20;774500;20700
775000;20;775000;20600
775500;20;775500;20700
776000;20;776000;20500
776500;20;776500;20400
777000;20;777000;20900
777500;20;777500;20600
778000;20;778000;20600
778500;20;778500;20500
779000;20;779000;20700
779500;20;779500;20600
780000;20;780000;201300
780500;20;780500;20600
781000;20;781000;20600
781500;20;781500;20800
782000;20;782000;20500
782500;20;782500;20900
783000;20;783000;201100
783500;20;783500;20800
784000;20;784000;20800
784500;20;784500;20800
785000;20;785000;20900
785500;20;785500;201000
786000;20;786000;20700
786500;20;786500;20700
787000;20;787000;201000
787500;20;787500;20800
788000;20;788000;20900
788500;20;788500;20900
789000;20;789000;20900
789500;20;789500;20800
790000;20;790000;20800
790500;20;790500;201100
791000;20;791000;20700
791500;20;791500;20900
792000;20;792000;20700
792500;20;792500;20800
793000;20;793000;20800
793500;20;793500;201100
794000;20;794000;201100
794500;20;794500;20800
795000;20;795000;20900
795500;20;795500;201000
796000;20;796000;201400
796500;20;796500;201000
797000;20;797000;20800
797500;20;797500;20900
798000;20;798000;20700
798500;20;798500;201000
799000;20;799000;20900
799500;20;799500;20700
800000;20;800000;201100
800500;20;800500;20900
801000;20;801000;20900
801500;20;801500;20700
802000;20;802000;20700
802500;20;802500;201100
803000;20;803000;201000
803500;20;803500;201100
804000;20;804000;20700
804500;20;804500;20900
805000;20;805000;20900
805500;20;805500;201000
806000;20;806000;20900
806500;20;806500;20800
807000;20;807000;20800
807500;20;807500;201200
808000;20;808000;201100
808500;20;808500;201000
809000;20;809000;20800
809500;20;809500;20800
810000;20;810000;20900
810500;20;810500;201100
811000;20;811000;201100
811500;20;811500;20900
812000;20;812000;201200
812500;20;812500;20800
813000;20;813000;201100
813500;20;813500;201000
814000;20;814000;201100
814500;20;814500;20800
815000;20;815000;201100
815500;20;815500;201100
816000;20;816000;201000
816500;20;816500;201100
817000;20;817000;201000
817500;20;817500;201400
818000;20;818000;20900
818500;20;818500;201300
819000;20;819000;201300
819500;20;819500;20800
820000;20;820000;20800
820500;20;820500;201000
821000;20;821000;201000
821500;20;821500;201000
822000;20;822000;20700
822500;20;822500;20800
823000;20;823000;201000
823500;20;823500;20700
824000;20;824000;20900
824500;20;824500;20700
825000;20;825000;204000
825500;20;825500;201100
826000;20;826000;201200
826500;20;826500;201300
827000;20;827000;201300
827500;20;827500;20900
828000;20;828000;20800
828500;20;828500;20900
829000;20;829000;20900
829500;20;829500;20900
830000;20;830000;20700
830500;20;830500;20900
831000;20;831000;20700
831500;20;831500;20700
832000;20;832000;20800
832500;20;832500;20700
833000;20;833000;20900
833500;20;833500;20900
834000;20;834000;20900
834500;20;834500;20900
835000;20;835000;20900
835500;20;835500;20800
836000;20;836000;201000
836500;20;836500;201100
837000;20;837000;20900
837500;20;837500;20900
838000;20;838000;201100
838500;20;838500;201000
839000;20;839000;20900
839500;20;839500;20900
840000;20;840000;20900
840500;20;840500;20900
841000;20;841000;20900
841500;20;841500;20700
842000;20;842000;201000
842500;20;842500;20800
843000;20;843000;20800
843500;20;843500;20800
844000;20;844000;201000
844500;20;844500;20900
845000;20;845000;201100
845500;20;845500;201000
846000;20;846000;201000
846500;20;846500;201000
847000;20;847000;20700
847500;20;847500;20600
848000;20;848000;20900
848500;20;848500;20900
849000;20;849000;201100
849500;20;849500;201000
850000;20;850000;201100
850500;20;850500;201100
851000;20;851000;20800
851500;20;851500;20800
852000;20;852000;20600
852500;20;852500;201100
853000;20;853000;201000
853500;20;853500;201100
854000;20;854000;201000
854500;20;854500;201100
855000;20;855000;201200
855500;20;855500;201000
856000;20;856000;20800
856500;20;856500;20700
857000;20;857000;20500
857500;20;857500;201000
858000;20;858000;201400
858500;20;858500;201000
859000;20;859000;20700
859500;20;859500;20600
860000;20;860000;20900
860500;20;860500;20900
861000;20;861000;20800
861500;20;861500;201000
862000;20;862000;20800
862500;20;862500;201000
863000;20;863000;201000
863500;20;863500;20700
864000;20;864000;20900
864500;20;864500;20900
865000;20;865000;201000
865500;20;865500;201000
866000;20;866000;201000
866500;20;866500;20600
867000;20;867000;20700
867500;20;867500;201200
868000;20;868000;201200
868500;20;868500;20900
869000;20;869000;201000
869500;20;869500;201000
870000;20;870000;201100
870500;20;870500;201100
871000;20;871000;201000
871500;20;871500;20800
872000;20;872000;20800
872500;20;872500;201000
873000;20;873000;20700
873500;20;873500;20500
874000;20;874000;201000
874500;20;874500;20800
875000;20;875000;201100
875500;20;875500;201000
876000;20;876000;20600
876500;20;876500;20700
877000;20;877000;20500
877500;20;877500;20600
878000;20;878000;201000
878500;20;878500;20400
879000;20;879000;20800
879500;20;879500;20600
880000;20;880000;20900
880500;20;880500;20900
881000;20;881000;20900
881500;20;881500;201000
882000;20;882000;20600
882500;20;882500;20700
883000;20;883000;20900
883500;20;883500;20600
884000;20;884000;20800
884500;20;884500;20600
885000;20;885000;20600
885500;20;885500;20500
886000;20;886000;20800
886500;20;886500;20800
887000;20;887000;201100
887500;20;887500;20700
888000;20;888000;20700
888500;20;888500;20500
889000;20;889000;20600
889500;20;889500;20600
890000;20;890000;20900
890500;20;890500;20700
891000;20;891000;20700
891500;20;891500;20700
892000;20;892000;20600
892500;20;892500;20600
893000;20;893000;20900
893500;20;893500;20700
894000;20;894000;20700
894500;20;894500;20900
895000;20;895000;20800
895500;20;895500;20800
896000;20;896000;201000
896500;20;896500;20800
897000;20;897000;20600
897500;20;897500;20700
898000;20;898000;20700
898500;20;898500;20700
899000;20;899000;20800
899500;20;899500;20600
900000;20;900000;20700
900500;20;900500;20900
901000;20;901000;20700
901500;20;901500;20700
902000;20;902000;20800
902500;20;902500;201000
903000;20;903000;201000
903500;20;903500;20800
904000;20;904000;20300
904500;20;904500;20700
905000;20;905000;201200
905500;20;905500;20800
906000;20;906000;20800
906500;20;906500;20600
907000;20;907000;20500
907500;20;907500;20600
908000;20;908000;20800
908500;20;908500;20700
909000;20;909000;20700
909500;20;909500;201000
910000;20;910000;20600
910500;20;910500;20700
911000;20;911000;20800
911500;20;911500;20700
912000;20;912000;20600
912500;20;912500;20600
913000;20;913000;20600
913500;20;913500;20800
914000;20;914000;201100
914500;20;914500;20400
915000;20;915000;20300
915500;20;915500;20500
916000;20;916000;20700
916500;20;916500;20600
917000;20;917000;20800
917500;20;917500;20700
918000;20;918000;20600
918500;20;918500;20600
919000;20;919000;20800
919500;20;919500;20700
920000;20;920000;20500
920500;20;920500;20600
921000;20;921000;20700
921500;20;921500;20800
922000;20;922000;201000
922500;20;922500;20900
923000;20;923000;20900
923500;20;923500;20600
924000;20;924000;201000
924500;20;924500;201000
925000;20;925000;20700
925500;20;925500;20900
926000;20;926000;20800
926500;20;926500;20800
927000;20;927000;20900
927500;20;927500;20800
928000;20;928000;201000
928500;20;928500;20900
929000;20;929000;201000
929500;20;929500;20700
930000;20;930000;20800
930500;20;930500;20900
931000;20;931000;20900
931500;20;931500;201100
932000;20;932000;201100
932500;20;932500;201000
933000;20;933000;201000
933500;20;933500;20800
934000;20;934000;20700
934500;20;934500;20600
935000;20;935000;201000
935500;20;935500;20800
936000;20;936000;20800
936500;20;936500;20700
937000;20;937000;20800
937500;20;937500;20800
938000;20;938000;20800
938500;20;938500;20800
939000;20;939000;20700
939500;20;939500;20600
940000;20;940000;20900
940500;20;940500;20700
941000;20;941000;20600
941500;20;941500;20700
942000;20;942000;20600
942500;20;942500;20800
943000;20;943000;20700
943500;20;943500;20600
944000;20;944000;20700
944500;20;944500;20700
945000;20;945000;201100
945500;20;945500;20700
946000;20;946000;20600
946500;20;946500;20700
947000;20;947000;20800
947500;20;947500;20700
948000;20;948000;20700
948500;20;948500;20600
949000;20;949000;20700
949500;20;949500;20700
950000;20;950000;20600
950500;20;950500;20800
951000;20;951000;20800
951500;20;951500;20600
952000;20;952000;20600
952500;20;952500;20500
953000;20;953000;20700
953500;20;953500;20800
954000;20;954000;20800
954500;20;954500;20800
955000;20;955000;20600
955500;20;955500;20600
956000;20;956000;20600
956500;20;956500;20700
957000;20;957000;20600
957500;20;957500;20500
958000;20;958000;20600
958500;20;958500;20800
959000;20;959000;20800
959500;20;959500;20900
960000;20;960000;20800
960500;20;960500;20900
961000;20;961000;201000
961500;20;961500;20800
962000;20;962000;20900
962500;20;962500;20800
963000;20;963000;20900
963500;20;963500;201400
964000;20;964000;201000
964500;20;964500;20800
965000;20;965000;20900
965500;20;965500;20800
966000;20;966000;20800
966500;20;966500;20700
967000;20;967000;201000
967500;20;967500;201000
968000;20;968000;20700
968500;20;968500;20700
969000;20;969000;20900
969500;20;969500;201300
970000;20;970000;20700
970500;20;970500;20700
971000;20;971000;201500
971500;20;971500;20900
972000;20;972000;201100
972500;20;972500;20900
973000;20;973000;201000
973500;20;973500;20900
974000;20;974000;20800
974500;20;974500;20700
975000;20;975000;201100
975500;20;975500;20900
976000;20;976000;201100
976500;20;976500;201000
977000;20;977000;201100
977500;20;977500;20800
978000;20;978000;201100
978500;20;978500;201000
979000;20;979000;201200
979500;20;979500;201000
980000;20;980000;20700
980500;20;980500;20800
981000;20;981000;20900
981500;20;981500;20700
982000;20;982000;20700
982500;20;982500;20800
983000;20;983000;201000
983500;20;983500;20600
984000;20;984000;20900
984500;20;984500;20900
985000;20;985000;20900
985500;20;985500;20800
986000;20;986000;20800
986500;20;986500;20900
987000;20;987000;20900
987500;20;987500;20800
988000;20;988000;20900
988500;20;988500;201000
989000;20;989000;20900
989500;20;989500;20600
990000;20;990000;20800
990500;20;990500;20700
991000;20;991000;20800
991500;20;991500;20800
992000;20;992000;20600
992500;20;992500;20800
993000;20;993000;20900
993500;20;993500;20700
994000;20;994000;20800
994500;20;994500;201000
995000;20;995000;20800
995500;20;995500;20900
996000;20;996000;20900
996500;20;996500;20800
997000;20;997000;20900
997500;20;997500;20700
998000;20;998000;20900
998500;20;998500;20800
999000;20;999000;20500
999500;20;999500;20500
